sample_id,Gene_01,Gene_02,Gene_03,Gene_04,Gene_05,Gene_06,Gene_07,Gene_08,Gene_09,Gene_10,Gene_11,Gene_12,Gene_13,Gene_14,Gene_15,Gene_16,Gene_17,Gene_18,Gene_19,Gene_20,Gene_21,Gene_22,Gene_23,Gene_24,Gene_25,Gene_26,Gene_27,Gene_28,Gene_29,Gene_30,Gene_31,Gene_32,Gene_33,Gene_34,Gene_35,Gene_36,Gene_37,Gene_38,Gene_39,Gene_40,diagnosis_group
S015,14.8573,20.8909,20.7209,9.0882,13.0189,-4.7373,1.9253,2.7218,8.8187,11.1084,5.2022,13.4427,13.1358,5.9514,14.6031,13.9752,11.7701,2.2965,7.6331,12.9778,1.5083,11.6709,11.2537,5.0397,10.9912,14.387,5.1317,6.6429,5.8843,8.8488,11.7119,16.0006,15.5392,8.34,6.9114,8.235,19.8204,7.9921,10.0087,11.9933,Control
S104,5.1804,-4.4449,-5.1473,20.357,2.0773,22.283,12.5211,12.2641,19.3289,19.9486,-1.0561,20.5191,8.5511,6.3002,-2.4553,14.5634,8.9836,11.4384,10.864,7.2222,7.6994,16.4609,14.1786,0.9903,11.7285,-3.3465,8.3707,12.1265,6.9148,11.1814,11.8464,5.8324,10.0211,3.5678,12.7961,8.1538,10.7058,7.9918,9.9631,11.9766,Inflammatory
S149,4.9864,-2.4333,11.6434,-1.2062,6.2845,13.4731,18.3618,16.83,-6.9232,-3.9711,17.2464,2.5184,-1.5486,27.5995,27.6848,-0.9487,12.3141,27.8944,-1.6638,5.344,18.145,8.5503,9.1832,14.398,6.8087,-0.2761,15.5206,0.346,15.6602,5.8575,6.9795,6.3361,0.887,9.6188,10.6777,12.5415,1.6711,8.0212,10.0168,11.9987,Metabolic
S092,8.5996,3.5201,-0.7267,22.0262,3.3183,16.6065,7.3642,8.6893,22.1685,23.8315,-3.9434,24.6443,11.2523,-0.0431,-7.0173,19.255,8.8665,4.412,14.5715,8.0543,3.686,17.559,14.1791,-0.667,12.2022,0.5204,5.1049,11.4016,5.6166,11.6903,12.6026,9.0025,15.5826,3.2731,13.1771,5.9293,14.9016,7.9665,10.001,12.0093,Inflammatory
S133,3.1463,-5.0203,2.8769,6.0726,2.621,18.2839,18.4892,16.0735,2.3884,5.2107,11.7364,7.4028,0.8457,19.178,16.6636,2.9079,8.9769,24.2839,2.7351,4.4434,16.0584,11.4113,10.7313,9.1736,8.9473,-4.7603,13.024,5.1048,14.254,6.1962,6.3099,4.7575,2.8806,6.0474,12.3114,10.96,1.0735,8.0007,9.9805,11.9866,Metabolic
S113,6.2909,-3.959,9.9875,0.062,4.5305,13.6837,19.1795,15.8902,-4.4943,-1.6727,17.5526,0.9746,-1.6821,24.6832,26.8104,-2.5212,12.1388,27.6672,-0.8694,6.956,17.6575,7.8466,11.4639,16.274,6.5968,-1.3273,14.8996,1.162,15.537,5.4733,7.0568,4.8111,1.1886,10.2857,11.2344,12.2887,0.4406,8.0115,9.9914,11.9904,Metabolic
S053,15.4602,19.2094,22.8043,7.8241,14.133,-7.9031,1.6996,4.8461,6.7458,7.4213,6.3708,10.7573,11.7778,9.2841,16.7826,10.4224,13.7297,5.4548,7.3684,13.7088,4.0117,11.529,10.6799,6.3446,9.8914,15.2164,6.0909,6.4783,7.1305,7.4018,12.4558,15.8878,17.0676,10.5815,6.2827,7.9426,19.4794,7.9864,10.0377,11.9967,Control
S073,10.5842,6.5668,1.9159,19.0136,6.7421,12.294,5.3317,5.7156,17.7529,20.3138,-2.1884,21.8419,13.0142,2.3056,-1.1063,15.6052,8.4034,4.1223,13.0384,9.2556,4.1868,16.4759,13.8883,-0.5132,13.1223,3.6507,4.0963,12.6738,7.2144,12.1807,12.9081,10.8699,16.2335,5.3041,10.0877,7.2295,15.9846,7.9977,10.0344,11.9704,Inflammatory
S101,6.8066,-3.7205,-10.2685,24.7363,0.061,25.8988,13.2725,9.8888,24.7865,26.702,-5.2991,26.2512,9.464,0.3085,-11.4936,17.7427,6.7754,7.4803,14.9219,6.1411,6.4891,17.4613,15.9017,-2.9809,12.3502,-3.1769,5.1031,13.9397,6.1166,11.7262,10.3684,6.7902,11.33,3.3047,14.3945,5.5768,12.7586,8.0001,10.0377,12.0137,Inflammatory
S150,3.4206,-5.5421,7.7234,0.5623,4.999,17.5644,21.9902,15.9305,-6.1588,-2.0658,17.5508,1.9445,-2.3578,27.942,28.0882,-2.7167,10.2468,28.5385,-1.1941,4.5703,19.6864,8.2392,8.1311,14.4344,6.1391,-2.8469,15.7516,3.6808,16.2576,5.3737,6.9748,3.2615,0.0054,7.2625,13.4138,12.746,-2.0859,8.0049,9.9646,12.0139,Metabolic
S093,7.9821,1.6187,-3.777,22.4516,2.9937,18.4348,8.4318,7.9452,21.3489,23.1368,-2.597,22.1024,10.9409,1.485,-5.9203,17.3523,7.7898,6.7499,13.4495,7.86,4.6648,15.3817,14.8601,-0.0823,13.2768,0.2883,5.6858,12.2373,7.077,11.5949,12.3986,8.9853,12.1507,3.7634,12.1544,6.0895,14.4328,7.9789,9.9729,12.0094,Inflammatory
S157,3.1205,-3.982,7.6662,3.2339,4.3773,15.2768,17.8836,15.392,-2.1729,1.4095,13.0685,5.5913,-0.7196,24.3101,20.7568,0.2601,9.7202,26.1413,1.146,5.0654,17.2292,9.2881,10.3289,9.601,7.0956,-2.8142,14.2379,4.6982,14.1034,5.1061,7.0739,5.649,2.0313,8.3462,10.5932,10.7807,1.7113,7.9726,10.0009,11.9757,Metabolic
S155,3.8263,-6.3055,5.8274,2.0576,2.2532,16.6818,21.25,16.5102,-3.1283,1.9938,13.0633,4.8611,-0.6739,24.4447,22.4145,0.8459,9.6428,27.5873,-1.2188,5.7265,18.4924,10.0838,11.1954,12.6555,7.7909,-2.4458,13.8444,3.4358,12.9965,5.298,6.6646,3.9345,1.7963,7.0277,10.5407,11.8867,1.684,7.9985,10.0343,11.9858,Metabolic
S066,7.8478,-1.1429,-8.1117,25.3126,0.7258,22.3676,9.8934,7.5624,25.2552,25.1034,-5.7395,26.7806,9.6336,-0.9169,-11.3786,19.2514,7.6747,5.7863,16.6377,5.8612,4.0874,18.178,14.3583,-3.7764,13.4866,-2.4765,5.0656,13.4279,3.8392,11.1572,12.6071,8.0158,16.3509,3.2714,12.8348,5.6969,16.0497,7.9881,10.0433,12.0495,Inflammatory
S083,8.7932,3.3119,-2.2668,22.7821,4.2057,17.3577,7.1411,6.0781,22.8734,22.872,-4.8618,25.7029,13.6511,-0.2047,-6.3816,18.0115,9.4319,4.2241,12.6252,7.3928,5.2204,17.0827,15.0183,-2.3035,12.9011,2.6431,3.5058,11.1664,4.6821,11.1562,12.0036,9.4125,15.6277,4.5649,12.4932,5.4367,15.8406,7.9933,9.9938,11.9706,Inflammatory
S119,4.7599,-2.1872,12.8362,0.899,4.4849,14.1002,17.249,16.0391,-5.4667,-3.112,17.0958,2.7383,-1.3555,26.2159,26.9719,-0.6323,11.4511,27.469,-1.3945,5.4116,16.7697,8.3515,9.5989,12.9242,5.7272,0.523,13.8161,2.7027,14.1787,5.7348,6.2019,5.2387,1.3622,9.7239,9.4086,12.1506,1.7234,8.011,10.004,11.9897,Metabolic
S144,4.6636,-4.0652,6.0839,4.1372,1.7719,17.1768,18.8157,14.5895,-1.4775,2.7472,14.0145,6.1922,-1.4564,22.731,21.3253,1.6594,9.6152,26.6219,1.3429,6.0749,17.1253,9.9269,10.3424,11.0754,7.0656,-1.8668,14.2912,3.747,14.3789,6.3099,7.9949,5.2871,2.8475,7.2368,11.3049,12.7416,2.4489,7.9988,10.0051,11.9851,Metabolic
S146,3.1716,-8.1974,6.705,0.0411,2.902,18.4298,20.795,17.1202,-4.2901,-1.4969,17.2317,2.3045,-2.9713,27.0283,25.523,-1.8288,9.9299,29.6926,-1.9607,3.9148,18.6084,8.5219,9.1054,14.6291,6.8825,-4.9136,16.933,4.0123,14.7362,5.358,7.2575,3.407,0.7611,8.3455,11.962,12.3719,-1.0524,8.0054,9.9894,12.0251,Metabolic
S067,6.2065,-1.1132,-5.4571,20.8964,1.2951,21.7759,11.2221,10.8214,20.9499,21.8584,-1.5714,21.9637,8.5285,4.0383,-5.372,15.1994,7.943,10.4589,12.8565,6.6531,7.449,16.8992,15.2438,0.5231,12.3113,-2.5297,8.3383,11.9225,6.9905,11.3966,12.4828,7.6482,10.2694,3.9714,12.3395,7.5848,11.9547,8.002,10.001,11.9933,Inflammatory
S110,9.1712,1.2013,-1.1231,20.3301,2.6866,17.3691,9.6217,8.3475,18.2901,19.9967,-1.8466,21.4647,10.7466,1.9837,-2.7854,15.6315,7.5038,8.4653,12.6679,7.911,5.5277,15.6517,13.6089,-0.0184,12.0436,-0.0451,7.6551,11.7237,4.9854,10.4983,13.0453,9.4623,12.0334,4.8798,11.9016,7.3802,14.7759,7.9955,10.0169,12.0099,Inflammatory
S049,15.5674,19.0193,24.1287,6.8929,14.1267,-5.6544,3.9378,5.4977,5.0372,6.2939,8.2402,8.7802,12.1275,9.4187,18.4764,9.9759,13.4719,5.9809,5.8626,11.7412,4.3182,11.1667,10.131,7.7914,9.6679,14.0713,6.4114,4.9063,8.8299,9.857,12.1366,15.7931,15.8834,9.8689,6.5527,10.3753,16.9853,7.9809,9.9855,11.9936,Control
S052,17.3848,22.6676,26.1284,6.8957,15.1835,-10.0964,-0.26,2.3833,6.501,8.2569,6.9981,9.2772,13.1497,6.8406,17.3545,10.6556,13.3339,3.576,7.7923,14.3012,2.1459,11.2751,10.7273,6.2085,11.241,17.0165,4.2073,5.7662,7.417,9.0484,11.1771,16.7706,17.2468,9.9587,3.9917,8.7043,21.0011,7.9986,10.0186,12.0128,Control
S025,16.9641,19.0733,21.205,8.3182,13.3567,-6.0302,1.063,3.7118,7.369,9.9237,5.5854,10.9587,13.2006,7.0649,16.6162,12.0006,12.4148,4.3817,9.2605,12.9264,2.1319,12.0348,11.3729,4.516,11.2454,15.0734,5.2727,5.5739,6.2529,10.5889,11.4811,15.3556,15.5848,8.2767,6.5993,8.1116,20.2463,7.9926,10.0048,11.9802,Control
S044,16.568,21.3122,24.2818,7.11,13.9331,-9.3095,-0.0877,2.3748,5.6646,5.8177,7.2665,8.496,12.9012,8.0067,19.7849,10.1865,13.8531,4.9421,5.2555,13.8548,2.7262,10.2209,10.4527,5.9362,9.6103,15.9199,5.6161,5.5559,7.2945,9.0893,10.7789,16.4429,16.1222,10.6615,5.4161,9.5036,19.2057,7.9901,9.9839,12.0014,Control
S007,15.8944,21.7092,23.4315,8.1998,13.975,-7.911,0.8304,2.2011,7.2634,7.2182,5.0107,11.5107,14.2019,9.0773,17.3843,11.1511,13.1136,3.676,8.5652,13.4806,2.3489,9.5051,10.404,6.1783,11.1021,16.798,4.696,6.3479,7.9379,8.3196,12.7062,17.0021,15.8717,8.6291,5.0833,9.243,19.5353,7.9913,10.0043,11.971,Control
S085,8.3042,0.8767,-3.6346,21.8947,3.4901,19.8613,9.9905,8.3752,19.5349,20.6458,-2.5498,21.8932,9.2505,3.5633,-3.7365,14.8798,7.517,8.2824,11.8697,7.9757,6.3645,16.877,12.4411,-0.7508,12.4534,0.3278,7.3907,11.0485,6.6455,11.3183,10.9956,8.9226,11.9266,5.3468,11.6406,6.4676,14.8535,8.0058,10.0093,11.949,Inflammatory
S042,16.0725,18.1243,18.1831,9.9375,12.9692,-4.1809,2.2033,3.4645,9.0896,10.1072,3.6497,13.4948,13.7024,7.0513,13.2444,12.9337,12.9491,2.5274,8.6721,12.1099,1.8164,11.9563,11.3567,5.1029,12.1071,14.5565,5.1299,6.6795,7.2122,8.7488,11.6658,15.5561,15.9683,7.5165,6.0522,8.3762,19.4409,8.0183,10.006,12.0125,Control
S050,14.5498,18.7784,21.1381,6.6898,12.3268,-4.9725,4.1303,4.7388,6.0894,8.528,6.0268,9.7528,12.9637,9.6095,16.6169,11.009,13.5667,7.1739,7.8438,13.7046,4.2298,10.6761,10.6411,6.4291,10.6248,13.7254,5.3316,4.5422,8.0964,8.3568,10.4748,15.6155,14.6186,8.5778,5.8235,9.7427,18.2198,7.9931,9.9995,12.0125,Control
S064,7.8726,2.8053,0.3638,18.8127,3.6769,14.8611,7.3004,6.9526,18.9381,18.2797,-0.22,21.2805,10.0955,4.1749,-0.2475,16.0731,10.5764,7.5181,10.8511,9.2101,4.5613,15.0722,14.2063,0.5155,12.1636,3.6758,6.5981,10.341,6.4202,10.6188,11.9693,9.243,12.9808,4.7178,11.5403,7.5896,13.5386,8.0025,10.0286,11.9936,Inflammatory
S010,15.81,21.3201,23.0433,6.0623,14.2849,-8.7029,2.5882,2.6027,5.9661,7.6625,7.2077,10.8252,14.5237,9.2488,17.7617,11.7017,12.4845,4.5267,7.5427,12.6372,3.7119,10.2736,11.1667,7.6341,11.2383,14.6176,5.0375,5.8567,7.9912,8.7621,11.0236,17.4929,15.3064,7.7034,4.8662,9.0066,18.6291,7.9869,10.0244,12.0069,Control
S114,5.0296,-2.2003,10.3542,0.0285,4.8891,13.71,18.9051,15.6316,-3.9218,-1.2819,17.0475,2.187,-0.2126,24.521,25.3085,0.4977,10.9707,26.7428,-0.9055,5.5245,19.1833,8.3297,11.0449,13.0343,6.1493,-2.6092,14.33,3.3544,15.4464,6.3401,8.1724,4.7134,1.0407,9.3323,11.1,11.1209,2.0886,8.0045,10.0619,11.9945,Metabolic
S160,6.5027,-0.7371,11.4643,0.8348,4.6433,12.9908,18.5691,15.7165,-3.6646,-0.0651,15.5246,3.6066,0.5684,24.5357,24.8606,-0.6263,11.9589,25.7491,0.1103,6.7463,16.487,8.3424,10.2588,11.8177,6.6989,-1.1987,14.5598,1.9693,13.7271,4.6038,7.0798,5.5115,3.5374,7.9615,10.4114,12.5852,2.4277,8.0062,9.9958,12.0481,Metabolic
S056,8.4951,-0.9673,-3.3977,19.1819,1.7352,21.0571,10.8757,9.834,19.2093,19.7974,-1.2592,20.6393,7.8653,3.3253,-3.0848,14.6803,9.1317,9.3706,11.7624,6.3232,7.7664,16.6315,13.4574,0.8563,11.354,-2.3133,6.9367,12.2701,7.0879,10.3082,11.3132,8.1158,12.296,3.894,12.7599,8.0041,12.9012,8.0028,9.9863,12.0227,Inflammatory
S078,9.3325,3.9875,0.1586,18.735,4.3435,15.6079,7.2842,7.4972,19.6988,21.3991,-2.5162,21.7818,10.1656,2.1662,-2.5638,17.1741,8.5893,5.3123,13.6996,8.5845,4.6771,16.6929,15.5237,-0.1784,12.6928,3.0818,4.8278,11.4824,6.4321,10.7158,13.0667,9.2519,14.2185,4.7178,10.974,6.9329,13.3883,8.0036,9.993,11.9884,Inflammatory
S016,16.0618,18.7613,22.9039,4.4335,13.4029,-8.059,2.4672,3.5252,5.4404,5.2404,7.6693,9.9145,10.2347,10.4034,20.133,9.2488,13.6366,7.5367,4.2679,12.8118,3.2441,9.7409,12.2187,6.5205,12.0729,14.7343,7.7014,5.4079,8.1726,9.1582,10.0774,16.2813,15.013,9.8484,8.1345,8.9115,17.3811,7.994,10.0081,11.991,Control
S152,6.6762,-0.4634,13.3748,0.5114,5.394,10.8325,15.703,13.9431,-4.3027,-0.5592,15.2554,2.1388,0.9932,24.7067,26.3874,0.7545,10.9523,24.4263,-0.6678,7.2684,15.966,7.9708,10.7769,13.9447,7.0895,0.7155,14.7589,2.1207,14.3709,5.545,7.5729,7.9596,1.076,8.349,10.4038,12.3445,2.9089,7.9713,9.9828,12.0127,Metabolic
S051,16.8011,21.6561,24.5225,5.9527,14.5891,-9.9526,-0.3804,3.4623,5.6532,5.6818,7.9635,9.3983,13.6625,8.6176,18.343,11.7123,13.586,3.8081,6.7546,12.7611,1.8659,9.5587,11.1794,6.1704,10.6001,17.3303,5.7463,4.7035,5.7473,8.5104,10.336,18.0075,16.2643,10.6545,5.2913,9.319,18.4226,8.0006,10.0008,11.9891,Control
S084,5.7117,-3.3428,-6.9927,21.6332,1.9392,23.1941,11.92,9.2107,21.0898,20.9843,-3.2357,24.4322,8.247,3.4425,-7.265,15.1867,8.251,10.5231,12.9555,6.1287,8.1299,15.8671,16.0087,-0.857,11.2654,-4.2971,7.269,11.3996,8.1538,10.8271,10.6488,6.186,10.1132,3.6353,12.5897,6.3749,11.9817,7.9975,10.0081,12.0202,Inflammatory
S089,9.2762,2.24,-2.8237,20.7273,4.0942,18.5874,7.8825,7.9268,19.5667,21.3997,-0.4281,21.785,11.4156,2.7518,-4.4511,15.3985,8.6605,9.5887,12.2984,7.4245,5.696,15.7211,14.2846,1.0291,12.8849,0.551,6.4556,10.8788,6.4599,11.1695,11.3207,9.5939,12.7913,4.6003,11.1699,6.2187,15.5904,8.0079,9.9963,12.0158,Inflammatory
S079,10.1005,3.1501,-4.7192,25.3299,2.4284,18.5728,8.4727,7.7246,24.1015,25.4328,-5.7669,25.8027,11.1703,-1.9166,-11.2536,20.2717,7.931,3.6911,15.3743,8.0587,2.716,18.6402,15.5546,-2.8498,13.5649,0.143,4.458,13.4965,5.6141,12.684,12.2376,9.841,16.0247,1.8418,12.1438,6.2107,16.5903,7.9874,9.9866,12.0092,Inflammatory
S128,7.7494,0.4006,12.2817,1.9106,7.3352,10.8996,15.2034,13.5146,-2.6416,0.909,13.3822,4.2447,2.1184,23.9634,24.8135,1.3029,12.9233,23.1026,1.7588,7.829,14.3107,9.1409,8.9434,12.3533,8.5971,1.562,12.8451,3.436,13.2757,5.3701,8.1201,8.722,4.6667,8.5639,10.0323,11.6321,4.8322,7.9767,10.006,11.9408,Metabolic
S108,10.1726,4.1852,1.4334,18.2803,4.0972,13.7624,7.1326,8.5319,19.8866,20.0571,-2.9824,22.884,11.8005,0.9515,-3.7755,15.8513,10.3384,4.8237,13.5824,7.5459,5.6339,16.3906,11.4892,0.5578,12.6593,4.3184,5.746,12.8837,6.2545,12.7172,12.8322,9.8045,14.0302,4.4796,11.8289,6.2922,14.7998,7.9779,10.014,12.0544,Inflammatory
S107,10.1846,3.6322,-4.2328,22.6242,3.0996,17.4127,7.2275,6.4672,24.4073,24.1237,-4.7755,25.1655,12.3041,-0.5109,-8.6461,18.4147,7.6912,3.8976,15.4846,9.7435,4.7967,16.6331,14.9097,-1.4052,12.9278,0.0976,5.3065,11.7536,5.8415,10.9075,12.8826,11.1719,14.7155,4.4928,12.1062,6.6925,15.1513,8.0189,10.0282,11.9973,Inflammatory
S054,17.0987,22.5334,24.5257,7.4951,14.1127,-8.7467,0.1254,4.0213,5.354,7.4536,7.2603,11.0103,12.8876,8.6107,16.9769,11.4946,12.8891,4.0676,7.2788,14.6699,3.4614,10.5908,10.5933,6.4292,11.9035,17.5527,3.7326,5.8818,6.2869,10.027,12.572,17.3425,16.6869,9.2952,4.4172,8.5512,19.869,7.9704,9.9886,12.0004,Control
S116,6.8001,-0.5388,12.6154,0.1283,5.5666,11.7228,17.3864,13.7976,-6.8402,-1.7679,17.416,1.4602,-0.5433,25.7465,28.257,-1.613,12.4851,27.1542,-0.7877,7.2451,18.02,7.8464,10.3708,13.8402,7.2494,0.7546,13.9824,1.6077,15.2381,4.016,7.0427,7.3057,2.2143,8.9117,11.2971,10.9703,1.5122,8.01,10.0133,12.0077,Metabolic
S123,3.4506,-3.4058,10.1741,-1.2723,5.5473,15.2619,19.0337,16.1718,-5.9305,-4.0925,18.186,0.8737,-2.8339,29.2127,29.5852,-2.6303,10.6369,30.0183,-1.7411,5.3888,17.8419,7.1673,9.8527,15.0674,4.5551,-2.3874,15.727,2.3633,17.188,5.0456,6.1946,5.5896,0.0276,8.1259,10.9293,12.5352,-0.2048,8.0175,10.0005,11.9959,Metabolic
S077,9.342,1.4994,-3.0292,22.7063,2.7378,20.5582,8.2914,9.8209,21.9377,24.1706,-2.7331,24.1737,11.089,1.7712,-6.278,18.015,8.0633,7.1908,13.2997,8.3858,4.7976,17.6096,15.0818,-0.557,13.1135,-0.1686,6.0527,11.1804,6.522,10.087,11.7328,9.2109,15.4554,3.6594,12.3864,5.9828,13.5745,8.0014,10.02,11.9605,Inflammatory
S130,3.4721,-3.3975,8.39,0.1125,4.1034,15.3303,20.2257,16.9569,-4.4868,-0.0937,17.0448,2.0141,-2.701,26.4822,26.3137,-3.0575,12.2468,28.7505,-0.8219,5.603,17.3656,8.1325,9.5491,13.1938,6.6614,-2.7624,16.5288,2.0818,15.6172,6.1143,5.686,4.4739,-0.1818,7.6659,12.3043,12.6335,0.8699,7.9996,10.015,12.0656,Metabolic
S031,17.6995,21.2295,21.2756,10.4645,12.8917,-5.379,-0.8611,1.8967,12.2213,12.4313,2.2951,14.0774,15.5386,4.9406,11.3222,13.4858,12.598,1.8053,10.5721,13.5523,1.3195,12.9879,10.7958,4.0302,13.1891,15.0597,4.0289,8.0425,6.4765,9.7734,12.2918,17.4832,17.5689,8.7366,5.9456,6.5557,21.8063,8.0014,10.0051,11.9637,Control
S103,9.1842,-0.3349,-4.3007,21.7884,2.9199,20.5602,9.233,8.4303,21.8202,22.517,-2.7398,23.2523,10.573,2.6648,-4.4883,16.0239,8.0265,6.9381,12.795,6.6099,6.4312,16.271,14.7764,0.1359,12.8563,-0.117,6.1178,11.2943,8.4212,10.8851,12.0352,7.7587,13.0526,4.5512,11.7657,6.8401,13.4764,7.9931,10.0015,12.0034,Inflammatory
S124,3.879,-6.2643,5.2424,5.0235,2.2327,18.2943,18.8313,16.1444,-0.474,2.8242,13.8655,6.7701,0.0455,22.7659,20.3006,1.4912,9.6332,26.4612,0.4829,5.5693,17.7141,9.4315,11.3438,10.0382,8.009,-3.4534,14.5799,3.5778,15.6425,6.7118,6.3315,4.4637,0.3879,6.9142,11.4005,12.2436,1.7342,7.9692,9.981,11.9976,Metabolic
S118,6.2393,-0.07,15.599,-1.6614,5.9204,10.2961,17.6744,13.6467,-8.6422,-5.6889,18.3253,-1.3471,0.2685,27.738,32.4581,-1.829,13.2129,27.0968,-1.6596,6.9716,16.5289,7.0606,11.0868,14.511,6.6438,0.4885,16.1017,1.3772,15.3386,5.0072,6.1021,5.8981,1.7064,10.9644,9.3582,12.7315,2.6885,7.9958,10.0109,11.9583,Metabolic
S057,11.223,6.0332,-1.4502,23.1041,4.5461,15.382,5.6986,6.0922,23.3298,23.4655,-5.1363,26.0579,14.5451,-0.3902,-8.9165,18.6309,8.0656,2.683,14.2747,8.9344,3.2399,17.3484,14.8439,-2.1043,15.0391,2.3417,2.7014,13.6294,4.0378,13.2308,11.9403,11.4197,14.9938,4.4967,11.7483,7.1766,17.1529,7.987,10.0249,11.9681,Inflammatory
S072,7.9705,-2.6068,-6.5654,20.5309,0.5168,23.7871,12.741,10.8995,19.4797,21.5326,-1.4366,21.4874,7.9546,5.3442,-5.9154,12.8892,7.8296,11.6439,10.6459,6.013,9.453,16.2385,13.3693,-0.0361,11.2781,-3.5432,7.7626,10.6296,7.7707,10.5671,11.1046,7.1987,10.2956,4.3553,12.8765,8.7134,10.4572,7.9853,10.0172,11.9835,Inflammatory
S013,14.7929,19.142,24.0843,4.1934,12.7014,-4.1177,4.7329,6.2972,2.929,3.3137,9.1469,8.7005,10.0974,12.3934,19.9632,6.722,12.8926,8.0265,5.3024,13.185,5.9012,9.5136,10.5234,8.3805,10.8669,13.5304,6.3032,4.8176,8.7718,9.1012,12.5333,14.2289,13.944,9.1903,5.5283,9.5371,16.8608,8.0051,10.013,11.9751,Control
S163,4.6279,-4.132,5.8837,3.6274,3.6374,17.9711,19.8553,16.0974,-0.9793,1.833,13.915,5.7183,-0.2899,22.4424,21.4167,0.7374,10.8492,27.0881,0.6252,6.4737,16.1771,10.4645,9.5122,11.3806,6.9452,-3.4332,14.612,2.7013,15.3574,5.9813,7.6659,5.6166,1.617,7.1157,10.6679,13.6498,1.5085,7.9989,9.9779,12.0374,Metabolic
S086,8.0693,0.9124,-2.3321,19.9859,0.9934,18.88,7.9336,8.1368,19.94,21.9956,-1.8691,21.0542,11.1557,0.2549,-5.281,15.7047,8.5253,7.0388,10.7495,7.8193,7.3014,17.6092,14.6108,-0.1681,11.6232,-2.0501,6.7737,11.1201,6.1097,11.6643,11.5907,8.9852,12.9381,5.4715,10.7969,7.517,13.3918,7.987,9.9641,12.0025,Inflammatory
S098,9.2985,0.6247,-1.2149,19.8955,3.0387,18.5521,9.4464,8.3125,21.3598,22.2586,-2.3088,22.1836,10.6503,2.2741,-3.7762,16.4717,8.6914,8.1466,13.2243,7.6953,4.367,16.8524,14.0743,-0.5075,13.1797,3.1141,6.4699,11.4736,6.7104,10.3812,12.9618,9.6261,12.9837,4.6459,12.1012,4.8895,12.3417,7.9683,10.0382,11.9444,Inflammatory
S117,3.9873,-4.14,8.5323,2.0454,4.1474,16.1386,19.3744,15.1321,-4.5922,0.362,15.141,3.9819,-1.4057,23.1927,24.5765,-0.0193,11.6064,27.5996,0.7455,3.9533,17.4703,9.4367,10.7406,13.6217,6.0197,-1.3931,13.8378,2.8759,16.0686,5.5673,8.1125,5.1322,1.7344,7.014,11.4283,12.9723,0.5901,7.9979,9.9916,12.0304,Metabolic
S048,15.352,18.4066,21.505,6.3478,12.1467,-3.664,2.2571,4.3848,5.9789,7.6767,7.3667,11.6795,11.8694,10.3175,17.7282,9.9467,12.4812,6.7219,7.8915,11.2714,4.0425,9.2641,10.8805,5.911,10.8643,14.2135,5.6376,5.8732,8.9029,9.0916,9.174,15.0942,13.4324,9.3373,6.2617,9.6025,16.4859,8.0115,9.9878,11.959,Control
S105,6.7445,1.2564,-3.198,20.3715,3.1814,20.7462,9.2535,9.8472,18.5601,21.336,-1.8289,21.8153,9.9172,2.4436,-4.2979,15.2423,9.0381,9.3472,12.6817,6.8937,7.9787,15.3885,13.9232,-1.0559,13.1844,-0.9987,6.5867,10.5936,6.4835,9.7519,12.39,7.6602,10.9074,5.2969,13.1271,6.7891,13.0197,7.9979,10.0257,12.0026,Inflammatory
S003,16.2712,18.8945,25.031,6.8341,13.6604,-6.8133,2.2467,3.7638,5.843,7.522,7.0462,10.0941,11.728,8.785,17.508,9.994,12.5881,5.1024,5.8498,13.7582,4.067,11.7122,11.0865,6.3005,10.153,14.9373,4.4609,5.3735,8.2828,7.2258,11.0536,15.2053,15.8075,8.1807,7.1363,8.3869,17.7843,7.9924,10.025,11.9818,Control
S021,15.7064,21.2403,24.5076,8.1587,15.1812,-7.1639,0.0663,3.8652,5.8537,6.4136,6.2003,10.0579,13.0386,9.0116,17.5484,11.4681,11.7327,3.6666,7.8606,12.9795,2.9844,10.8858,12.4005,6.5192,10.8221,16.2501,5.7124,5.7476,7.1551,8.5141,11.0038,16.3706,15.9159,9.2458,6.0191,9.0809,19.3507,8.0227,10.0106,12.0189,Control
S045,16.878,22.1135,25.1128,5.479,15.5343,-8.7252,-0.4153,3.9625,5.8184,8.3669,6.1589,10.3217,14.2608,8.5758,17.2287,11.2311,13.386,3.8426,6.1909,12.9717,1.0935,10.2771,10.9374,7.6221,11.6554,16.7616,5.5368,6.0689,6.8707,8.6212,10.7196,18.4045,17.0459,10.7985,5.2906,8.0551,20.9917,8.0143,10.0141,11.9879,Control
S027,16.0063,23.1918,24.0941,6.5254,13.759,-10.4369,-0.2874,2.5866,5.0481,6.2557,5.67,9.208,12.8494,7.4487,18.8801,13.6325,14.537,1.4389,6.4267,13.4735,1.8586,9.6034,11.5939,7.3013,11.6319,17.2006,4.0074,5.0676,7.3705,7.9346,12.1257,17.1071,17.5755,9.6832,7.3402,8.8012,20.413,8.0152,10.0115,11.9837,Control
S090,8.1377,-0.6,-3.6549,20.2587,2.5453,21.5957,11.582,8.5248,19.8419,20.6856,-0.7387,23.6031,9.0893,4.4163,-3.8142,14.6313,8.6185,10.7132,11.1755,5.9417,6.791,16.4175,13.2608,0.9587,11.7621,-3.2837,6.1887,13.8793,8.0405,10.2825,10.3822,6.826,12.6868,4.2673,12.255,7.6566,12.4536,8.0019,10.0059,11.9738,Inflammatory
S029,15.6669,19.8583,21.874,8.3432,14.0504,-6.3779,1.9427,4.1247,7.3201,8.4747,5.5137,10.0962,13.8568,9.1918,14.9509,12.385,13.4921,1.4947,8.5521,13.3847,1.7181,10.794,12.5201,6.918,12.4874,14.0559,5.3953,6.068,8.9869,9.7359,11.7089,16.0143,17.5622,9.0175,6.6306,7.8445,19.9889,7.9981,10.0247,12.0041,Control
S153,3.4475,-4.3084,5.3595,5.4806,3.2751,18.7559,19.5889,15.5545,-0.292,2.6835,13.3872,6.1113,-0.8822,24.014,20.7853,0.9219,9.5245,27.3461,-0.8369,4.0113,17.1132,10.2067,10.6547,11.3521,7.0397,-4.7428,15.3765,4.65,15.0186,5.2311,6.7506,5.5218,1.7163,6.6451,11.8139,11.4899,0.7194,7.9863,9.9627,11.9733,Metabolic
S075,6.8507,-2.2566,-4.1583,21.1388,2.3557,20.9283,11.2124,8.3415,19.0761,20.3911,-1.856,23.4453,10.0684,3.8593,-4.4658,14.8119,8.4755,8.3771,12.5374,7.3133,6.7836,16.2844,14.5432,-0.4642,13.037,-0.8788,5.3488,11.7257,5.9786,10.1868,12.255,7.9314,11.5505,4.5886,10.7287,8.6521,11.8661,7.9694,9.9889,12.0188,Inflammatory
S142,3.5335,-6.289,8.5215,0.3512,2.4944,16.1181,21.54,16.1791,-5.717,-3.2735,17.2318,2.8776,-2.4002,28.9009,27.4288,-0.4283,10.1594,29.7138,-1.3348,5.0066,19.1693,7.8885,10.5299,14.9223,6.1106,-4.8449,15.6124,3.3495,15.6732,5.7908,7.7029,4.8764,-0.0511,8.0826,11.7228,11.8915,-1.0914,8.0021,9.9822,12.0098,Metabolic
S005,16.6115,19.1227,19.3802,10.3874,11.4877,-4.4963,1.2971,2.6674,9.6055,10.5363,4.5725,12.0168,13.7828,6.203,13.4354,12.4214,12.9488,3.6001,8.2493,11.6987,2.1466,11.8589,11.9361,4.8802,12.0392,14.3922,6.7385,7.2743,6.5544,7.8156,11.8878,16.3981,16.4704,7.4593,6.6739,7.1682,18.0515,7.9863,10.01,12.0189,Control
S099,7.9704,2.3645,1.1939,18.1769,3.3123,15.4191,8.8303,7.7918,18.8151,19.4547,-0.8365,20.8299,10.5148,4.4339,-0.7588,13.5112,9.4446,8.8917,12.037,7.6022,5.4938,14.1866,14.4249,1.6686,12.056,1.2605,4.9955,9.2053,7.3803,10.7589,11.6803,9.5941,12.2741,5.7636,11.6803,6.8097,13.5938,7.992,10.0042,12.0449,Inflammatory
S165,3.8254,-7.3168,5.012,3.1188,3.5568,19.4462,20.308,16.2138,-1.4147,1.5586,13.7508,5.4827,0.7353,24.614,22.7339,0.6243,10.725,27.5323,0.3784,4.7997,18.098,8.8558,9.6808,12.1019,6.6761,-5.6235,13.9599,3.8142,14.7639,5.1735,6.5332,3.9856,0.2419,6.3679,12.0619,11.4034,-0.19,7.9998,9.9694,11.982,Metabolic
S065,8.6911,2.3834,1.2037,18.7309,3.2811,17.305,9.6602,9.5384,17.4253,17.9783,-0.6736,20.1227,10.3352,4.9418,-0.8904,13.9806,9.5021,8.6171,11.0681,7.866,6.3275,15.4572,14.4355,1.2085,11.3028,0.1931,7.3082,10.7169,8.9472,9.106,12.4854,9.5101,12.1957,2.8926,10.14,8.5768,11.8639,8.0134,10.0433,12.0123,Inflammatory
S011,17.517,20.2329,22.3801,6.8984,15.1747,-6.0399,0.1954,3.3613,6.8387,7.9051,5.5189,12.0341,14.832,6.9854,15.431,12.3364,13.4269,2.5127,8.7459,13.2023,1.8404,11.243,11.0689,6.1916,10.6191,14.7396,3.8072,4.1127,5.9107,8.9422,11.2338,15.968,16.7223,12.0222,6.4329,8.753,19.2464,7.9969,9.9904,11.9698,Control
S161,4.1563,-1.1805,12.1141,1.3024,5.6,13.1849,19.2067,13.2993,-4.5909,-1.1436,14.8733,3.8595,0.3822,26.0402,26.9597,-1.416,11.581,25.6237,-0.4671,5.5382,17.1453,8.7455,9.9644,13.489,6.5818,-0.6376,13.5331,4.0054,15.0983,4.2874,6.0213,5.2692,2.6871,8.6644,9.9581,12.9574,2.1202,7.9962,9.9848,12.0723,Metabolic
S017,16.0222,21.0267,22.605,7.8966,14.5578,-6.6917,0.4133,2.9017,8.6594,9.7884,6.2061,11.0372,15.0026,8.5185,14.3917,11.5753,12.1556,1.0931,7.9923,13.4871,3.0073,11.8297,12.7992,5.0483,12.3155,16.584,4.2218,7.2851,5.2005,10.0119,11.0955,16.716,17.0448,10.3582,6.3213,8.1638,21.2973,7.9934,9.9777,12.0202,Control
S134,5.0275,-4.0517,9.528,-1.9236,4.333,15.9703,20.0093,16.0165,-4.066,-0.4646,15.7508,3.6615,-1.9555,25.9803,25.2161,-0.5157,10.9425,27.4072,-0.9282,6.8998,17.555,8.4092,10.0407,12.8005,6.8225,-3.0953,16.0099,2.9716,12.9418,5.6343,7.8086,4.9709,0.928,8.439,11.8944,11.8758,2.0057,8.0046,10.0173,12.007,Metabolic
S126,3.0617,-4.9556,5.1271,2.8089,1.9546,18.3084,20.7176,15.4069,-0.8441,0.1384,14.2327,3.2282,-1.0391,24.0824,22.1027,0.4697,10.7556,28.5123,-0.6025,4.4195,18.9763,9.4183,9.4969,12.3838,6.8641,-4.2618,14.8461,4.0953,15.7418,4.9209,7.1499,4.0447,-0.4016,6.6186,9.7636,12.8636,-0.6469,7.9955,10.0096,11.9582,Metabolic
S132,4.8028,-5.1951,8.4953,2.7466,3.8602,15.1002,19.8326,17.0201,-3.9633,-0.6533,15.7337,4.2095,-2.1519,25.9563,24.2915,-0.9285,12.3971,28.6332,-1.0732,4.8892,17.3133,9.3203,10.1981,13.0964,7.5778,-3.0847,14.859,3.2527,14.6809,5.8768,5.8617,4.606,-0.9096,7.8449,11.625,12.3236,-0.2679,8.0084,10.0208,12.0138,Metabolic
S055,15.3656,20.0932,20.7086,9.1109,11.2484,-5.4367,2.0028,1.3673,7.0455,8.9148,4.0474,11.6461,12.485,6.1834,14.0564,12.9138,14.1539,3.385,8.5491,12.9172,4.0466,12.1564,11.6127,5.4733,11.2791,14.1712,3.7495,6.0101,6.1565,9.6121,10.6053,14.6485,17.5023,8.6399,6.2858,9.1375,19.7668,7.9774,10.0107,11.9647,Control
S059,7.7617,0.5506,-4.6964,20.6966,1.8249,20.491,10.3701,9.6365,20.3015,21.0012,-3.574,22.9339,10.4105,2.7649,-4.6032,14.9084,7.9088,7.1171,11.872,6.245,5.9975,15.2402,14.0392,-0.0932,12.9629,-0.8767,6.3576,12.781,7.1007,10.5042,11.638,7.6545,12.8285,4.6766,12.3182,5.991,13.4317,7.9979,10.0133,12.0501,Inflammatory
S129,3.4452,-6.7646,3.8286,4.9447,2.136,20.1666,19.1044,15.9945,-2.2602,2.7888,14.8014,6.7388,-1.3943,22.568,20.7215,1.4351,9.9606,27.9669,-0.299,5.6775,16.3539,9.2364,10.8665,13.5569,7.3683,-4.5279,14.2123,4.8106,14.4303,7.3715,7.8171,3.1971,0.7147,7.4086,11.3054,10.2451,0.6945,7.9699,10.0154,12.0136,Metabolic
S024,15.7034,21.1476,23.8319,6.3823,16.8652,-7.9428,2.2016,2.9569,4.7307,7.2716,6.4343,9.401,11.9851,8.7166,18.3748,10.1642,12.5221,3.2133,7.4862,13.6268,1.5959,12.3561,11.6441,6.0226,11.2129,16.174,5.4933,6.2363,7.7433,8.7369,12.1881,17.1484,17.1811,9.6348,5.228,8.9197,19.9744,8.0031,10.0406,11.9608,Control
S001,17.6066,23.4968,27.3417,4.8782,15.8357,-11.1198,0.1706,4.0611,2.9796,3.4144,6.6455,6.5696,13.419,8.6678,20.1357,10.8874,15.6822,3.3462,6.4925,13.6466,2.6687,10.5365,10.7051,6.6498,11.2293,17.3562,5.6707,5.2313,7.2296,9.0761,11.4219,17.822,18.6259,10.3547,5.0366,7.7682,19.8842,8.0071,10.0282,12.0066,Control
S102,8.5785,1.8612,-0.9903,18.0306,4.0401,17.9478,8.9693,10.2057,17.654,19.44,-1.374,21.4519,10.7389,5.8866,-1.5707,14.1745,9.3117,9.1552,12.2223,7.2018,6.2411,15.0977,15.2418,1.9934,12.7227,0.9763,6.0727,11.9123,8.9717,11.0694,9.9854,9.705,11.3441,5.138,12.0289,6.2063,14.0163,7.9865,9.983,11.9973,Inflammatory
S062,9.6658,2.4601,-1.6255,21.1355,3.1578,16.8631,7.8758,7.5308,20.5853,21.4844,-3.1688,23.1166,11.9379,0.6728,-4.7841,16.8824,9.3498,6.79,13.3955,8.8672,4.2417,16.65,14.9541,0.6183,11.5929,2.6117,5.9993,11.2293,6.7467,11.5137,12.7558,10.5862,14.2962,4.7741,12.7249,8.1895,16.283,8.0157,9.9968,12.024,Inflammatory
S046,16.3308,20.9064,25.3299,5.9575,14.5518,-9.0374,-0.6853,3.8604,5.1433,6.7807,6.3223,8.9236,13.2718,9.2386,16.49,10.7641,14.0394,4.6209,7.787,13.7915,1.0953,10.2843,12.0325,5.6085,12.2584,17.9503,4.7,6.6701,5.3542,9.7479,10.7795,16.9066,16.6297,8.7228,4.5763,9.3957,20.2655,7.9753,9.9828,11.9958,Control
S022,16.3524,19.7259,25.2223,3.8031,13.1987,-8.6839,3.2762,4.5376,2.4757,2.9961,8.777,7.4508,10.8011,11.4617,22.0061,8.6873,13.7855,6.6754,5.0155,13.9662,5.1048,9.979,10.1897,8.9889,9.7898,15.1735,5.985,3.4065,9.9135,8.7847,9.0771,16.7341,14.0628,10.4078,5.767,9.7365,18.1106,8.0272,9.9906,12.0264,Control
S009,17.1312,25.2899,27.6242,4.2502,15.9947,-12.9729,-1.4113,3.0017,4.2701,5.1851,7.1714,8.6338,14.9389,8.5761,19.4715,9.3716,14.3104,2.4118,7.0654,15.182,1.1572,10.1376,10.7593,6.8734,11.1935,19.8948,5.1153,3.5498,7.1322,7.5284,11.5312,17.4498,17.8643,10.2988,3.6379,8.4226,21.4386,7.9966,10.0271,12.0368,Control
S136,3.9467,-0.715,12.638,-0.5091,6.3186,12.5147,17.4642,15.336,-5.6428,-3.3774,16.2433,1.3312,-0.9132,25.7569,27.272,-2.1583,12.5799,26.5333,-1.8337,6.7261,16.586,7.1138,9.0853,13.1224,5.1387,-0.325,14.7919,2.5017,14.0611,4.2808,7.5994,6.698,1.7036,8.8001,9.7426,11.3431,0.6883,8.0041,10.0193,12.0034,Metabolic
S115,3.5047,-7.4818,3.7397,5.4092,3.4843,19.3714,18.999,15.6293,-0.6338,2.7421,13.5611,7.2421,-0.7738,23.3408,19.7699,1.8219,9.2195,25.4526,1.2297,4.3993,16.0651,8.8327,11.0318,9.9175,7.4815,-3.4301,13.8302,4.9139,13.8853,6.2855,7.6948,4.2173,2.989,7.3451,11.5731,11.4227,1.958,8.0069,9.9733,12.0029,Metabolic
S131,3.254,-4.7183,7.2832,1.6487,3.0806,16.6682,19.8052,15.5001,-2.623,0.5534,15.4374,5.9951,-1.0967,25.0088,24.6304,0.2969,12.1414,27.9562,-0.9976,4.5803,17.1151,8.0125,9.7408,13.0388,6.2864,-1.9746,14.2811,1.7067,15.1874,5.2042,5.9473,5.2422,1.4489,8.2786,12.803,12.7035,1.8353,7.9932,9.9524,12.0044,Metabolic
S091,10.0033,3.6556,-0.5577,21.1255,4.8891,17.7413,8.0397,7.7268,23.1553,21.9448,-4.0748,23.8151,11.712,0.3627,-6.5231,18.3203,9.5056,4.2478,14.6269,7.1721,6.2032,18.0759,14.7216,-1.7838,13.5578,2.6929,4.4178,12.0282,6.5645,10.6538,12.0565,9.2115,14.2708,5.4328,12.2053,6.8996,15.3124,7.9957,10.0052,12.0057,Inflammatory
S100,8.5236,1.7409,-2.7358,20.9121,2.6599,18.0036,9.9546,7.8994,20.3955,21.7018,-3.0549,21.9593,9.3734,5.013,-3.5639,15.4503,9.2247,8.8532,10.9233,7.0578,6.9797,15.5064,14.8475,0.9653,12.32,-0.9892,7.2302,11.2582,7.7396,10.9802,10.7828,7.5909,11.1924,4.0361,11.8496,8.1836,12.4106,8.0035,10.0223,11.9614,Inflammatory
S030,15.2811,18.3862,23.9515,6.8684,12.487,-6.1562,3.9229,4.3422,3.6726,6.1189,9.3336,8.9489,10.6593,8.8943,18.3192,9.9236,13.0878,6.5755,6.0342,12.6859,4.6513,9.6025,11.7293,6.364,11.0815,15.6623,6.1164,6.2049,8.1088,8.6648,10.8299,15.3993,15.2281,9.3987,6.3182,9.941,17.9936,8.0291,9.9721,12.0051,Control
S094,8.2856,1.1775,-0.9308,20.1335,3.9672,17.7741,8.7268,6.8786,20.073,22.6034,-1.0116,22.0274,10.0031,2.6885,-3.7257,16.6975,8.6895,7.2649,13.5866,9.2674,5.2596,16.6906,14.3221,0.6201,13.1822,0.2138,6.8195,11.8015,6.493,11.8387,12.4867,8.6147,14.1978,4.4745,11.939,7.331,15.1022,8.008,9.9654,11.9751,Inflammatory
S111,6.2167,-0.9859,11.5851,0.9854,5.3912,12.3296,19.1263,14.7794,-1.8344,-0.2299,14.0639,3.7199,0.1048,25.1646,25.2614,-0.5577,12.62,24.9931,-0.7986,6.7935,16.8861,9.1264,9.9902,13.1226,7.4842,-1.4491,12.6119,3.4918,13.8611,5.5474,7.3338,6.6301,2.71,9.0666,10.0697,13.0257,2.0065,8.012,10.0009,12.0586,Metabolic
S069,8.4523,0.9865,-4.3581,20.465,2.6078,20.5808,9.2456,9.3559,20.6101,20.4327,-3.2207,23.0931,8.3446,3.9825,-4.7815,16.2786,8.9964,9.084,13.4405,7.7655,7.7893,16.8642,14.3483,-0.6394,12.7311,-0.6603,6.8107,11.7715,5.5934,10.8369,12.1593,8.9255,11.4493,4.271,12.9878,7.1213,13.4687,8.001,9.9918,12.0608,Inflammatory
S151,6.3415,-1.6478,10.5017,1.079,6.0055,12.4728,16.8763,14.217,-4.3467,-0.6203,15.1547,3.2312,0.394,25.414,24.7937,0.9744,11.988,26.8549,-0.4145,5.2235,17.0445,9.0529,9.3703,13.5861,6.2043,0.6963,13.1259,2.8806,13.7753,5.6088,8.2572,6.1172,1.4891,8.5651,9.4373,12.2715,2.6716,8.0175,9.9888,11.9617,Metabolic
S039,15.3628,20.1885,23.3511,6.2112,12.3531,-8.0166,3.195,3.2454,4.935,6.1479,7.8159,9.8764,12.7482,9.0128,19.0031,9.5592,12.6978,5.3182,7.0974,12.2863,2.9309,10.5684,11.415,8.1114,10.7609,14.5623,4.7407,5.9908,7.6484,8.791,10.3489,16.26,15.2169,10.904,6.5776,10.1269,19.7706,7.9859,9.9974,11.9772,Control
S097,7.0243,-3.0686,-2.8146,17.2507,3.5304,21.5257,12.6614,11.2199,16.6047,19.3401,0.3619,18.0191,8.1343,7.3044,0.9236,11.5331,8.9044,11.7326,9.7751,7.3483,8.8099,15.6523,14.0234,1.3949,11.463,-3.091,8.3805,11.1368,7.8629,10.0281,9.9837,7.2076,9.3774,4.8863,12.8688,8.4405,10.7392,8.0318,10.0176,11.9884,Inflammatory
S141,6.7792,0.2144,12.0069,2.7927,5.5919,11.3659,15.752,13.822,-1.3311,0.4369,14.0513,6.1141,1.5787,22.4782,23.6892,0.9688,10.7159,23.2486,0.2764,6.9763,15.4716,9.305,11.1317,12.1735,7.5995,1.1782,13.344,2.5809,14.8273,6.8088,7.9959,7.9475,3.7939,8.2199,9.4326,12.9236,4.9311,7.9881,10.0334,12.0158,Metabolic
S082,8.8503,3.6983,-1.3577,21.0568,4.3302,15.3847,7.9423,8.0198,19.8652,21.4219,-1.9616,23.7269,12.62,0.6146,-4.8796,16.3813,7.5609,3.9533,11.7476,7.8691,6.3183,14.9054,14.5329,-0.5012,11.6295,1.4805,4.3346,11.5508,6.2584,11.502,12.5024,10.3819,14.3833,4.6508,11.8311,6.0731,15.56,8.0163,9.9969,12.0124,Inflammatory
S162,5.6158,-1.4165,6.0651,3.0579,5.398,16.1642,16.7011,13.6648,0.5785,2.6418,10.2112,6.2585,1.2612,21.5017,19.1412,4.2094,9.0963,22.157,2.1059,6.2894,13.6335,10.4121,11.1999,11.0176,6.5722,-0.9484,13.1217,5.8375,13.7704,7.9333,6.7462,7.5985,4.2926,6.4501,11.7143,11.6222,4.5583,7.9896,9.9786,12.0139,Metabolic
S122,4.4905,-2.6895,8.8134,-0.4507,5.2359,13.2304,19.9163,16.8349,-4.9203,-2.2836,16.6433,2.0352,-1.6951,24.7466,28.2284,-3.2281,11.1116,30.0046,-1.9566,7.4909,18.2087,7.7046,9.4681,14.1233,6.6899,-2.6151,15.2704,1.2931,15.4211,4.4233,7.3421,4.2505,-0.0635,8.0478,11.4077,12.9384,0.513,8.0198,10.0342,11.9936,Metabolic
S147,6.1352,0.2217,12.2288,1.1424,5.7743,12.4268,17.7339,14.5901,-6.0832,-3.0336,17.0736,2.092,-0.0304,25.9854,28.4604,-0.2026,10.8256,27.3288,-1.0059,5.1617,18.2748,8.5795,10.3777,13.8404,6.7555,0.5088,13.6295,2.608,14.8311,6.2786,7.374,6.4429,1.7052,9.4014,9.8987,12.9508,0.9626,7.9844,10.0153,11.9713,Metabolic
S164,3.2035,-5.0503,7.2844,1.3773,3.7583,16.9449,19.0723,17.1889,-3.8106,-1.821,16.0991,3.6542,-2.9806,27.1241,24.9987,-1.7298,11.2031,30.7444,0.3149,5.1816,18.399,7.7967,10.8883,13.763,5.9569,-5.3929,15.4325,2.692,15.2292,5.5635,7.4914,4.7396,0.0633,7.2664,11.3883,13.0213,-1.1816,8.0071,9.9858,11.9912,Metabolic
S112,4.0893,-4.4237,3.5659,6.149,3.2977,17.8866,19.238,14.9739,1.6299,6.3362,12.2785,7.9418,0.5619,19.9635,16.1275,3.7093,7.6512,25.9071,2.5203,4.9307,15.9312,11.275,11.5001,10.1234,7.4676,-3.3151,13.6207,4.9893,14.4389,5.782,8.2107,5.2345,2.7812,7.2296,13.1599,10.6268,2.5781,7.9873,10.0072,12.0039,Metabolic
S019,15.0996,20.0057,24.4462,5.1707,12.9236,-5.4647,1.3269,3.7398,6.1192,6.0073,6.5876,9.1537,13.6151,9.4627,17.8169,9.1344,13.1053,4.7648,6.912,12.4659,5.0395,11.6003,11.348,6.5868,10.7962,15.8746,6.5865,5.7542,9.3544,10.1901,10.6292,17.6041,14.8487,8.0163,4.8936,8.3333,20.1455,7.9725,9.9936,12.0179,Control
S088,9.3397,2.6201,-1.2111,19.2907,3.428,17.5533,8.8719,9.536,18.6581,19.3993,-1.6607,20.5276,8.7619,3.2764,-2.4131,14.7471,8.5925,7.4061,12.5208,10.4735,5.2083,15.9475,13.7434,0.7711,12.9303,-1.0083,5.8524,11.5381,7.3843,9.8742,10.3746,10.8132,13.6418,5.4653,11.4008,7.744,13.49,8.0009,9.9788,12.0147,Inflammatory
S023,15.9122,19.5085,23.9697,4.5755,14.1619,-6.5852,4.1576,4.9014,3.9945,5.4067,8.0332,9.2284,11.8841,11.0452,18.5305,7.556,13.5078,8.0214,6.1564,11.9542,3.4957,8.7974,11.7953,8.3905,9.2415,13.8422,5.7944,5.2477,7.9571,10.0624,11.3366,15.9607,14.756,7.3266,5.5944,9.0965,17.0732,8.0028,9.9407,12.0268,Control
S033,16.463,22.872,24.7599,7.0649,13.6524,-10.5819,1.0454,2.3777,5.0957,6.5601,6.4854,9.5404,14.4114,8.2974,18.6153,11.3534,14.1314,1.4096,8.074,13.186,4.5749,10.233,11.8463,6.648,11.4465,17.6595,3.9577,6.6316,7.9145,9.2555,11.577,17.1901,16.2444,10.392,6.1226,8.8564,19.323,8.0037,10.0441,11.9969,Control
S138,6.6969,-0.7462,11.1804,2.6029,5.9308,14.2272,16.7359,15.1749,-4.4041,-1.4875,15.2992,3.5198,1.0138,25.1446,26.0517,0.1324,11.8475,25.4997,-1.077,6.1559,16.6212,8.2867,9.4985,12.4541,7.7698,-0.717,14.0408,1.1203,13.8906,5.2275,7.4279,5.7866,2.7253,8.8618,10.8589,11.2758,1.571,7.982,9.9907,12.0187,Metabolic
S032,17.7419,21.4677,21.2997,9.4547,12.6149,-7.7737,-1.8855,3.7049,9.7577,11.3084,2.9202,14.153,15.0682,5.428,12.7555,13.7234,13.5084,-0.2957,10.2281,13.6953,-0.0426,11.1821,11.662,3.7006,12.9162,16.6799,4.133,7.6634,4.7701,10.5318,12.7326,17.7582,18.0976,9.6834,5.2913,7.5071,21.1952,8.0195,9.9767,11.9559,Control
S139,4.5942,-4.9631,6.5457,1.4722,2.6864,19.2409,19.8238,16.7525,-3.604,0.0713,15.4731,5.1227,-1.791,24.9425,23.1176,-0.6108,10.2728,27.8097,-0.7395,3.9909,18.4159,8.6392,9.6362,12.5347,8.6603,-1.3916,15.4268,3.0878,15.2486,5.346,6.8005,3.8198,-0.8892,7.7353,13.0064,12.2274,-1.643,7.9885,10.0099,12.0356,Metabolic
S020,14.3204,19.3348,22.1843,8.4711,13.7001,-6.4466,0.9275,3.911,7.5702,8.9483,6.6571,11.4476,12.598,7.4144,14.9069,11.8539,12.2708,4.1118,8.1077,13.8498,3.5242,12.5075,11.9237,5.3002,11.9517,13.6834,4.7139,6.1013,7.6713,10.6629,10.6831,15.7049,15.6133,9.2186,5.915,8.0661,20.6485,7.9697,9.9913,12.0176,Control
S004,16.4128,20.8621,24.8996,3.8066,14.4894,-9.1104,1.3469,3.2081,3.8277,4.9328,10.2575,8.9863,12.7627,10.7356,20.9683,10.5425,14.195,7.1506,6.2792,12.9957,4.1464,9.2402,11.5714,7.7355,10.4339,16.5791,5.3134,4.1348,7.9428,9.1044,11.4134,16.3389,14.8021,10.672,4.3613,7.338,17.8735,7.9966,10.0129,12.0083,Control
S148,3.6816,-4.1436,7.9354,2.8416,3.7725,16.1175,19.5003,16.2685,-4.4854,-0.1855,16.6022,3.3656,-1.6305,25.5002,24.4222,-0.2296,12.2752,29.099,-0.7173,5.159,18.227,8.9527,9.3043,11.9377,7.4441,-2.6283,16.3685,3.1074,14.8608,6.201,6.3392,3.7525,0.6313,9.7951,9.8309,11.3449,1.2517,8.0098,9.9714,11.9736,Metabolic
S087,9.9227,5.5242,-0.8524,22.843,3.8931,16.1148,6.1652,6.8647,22.3306,24.1895,-3.8066,24.3523,13.6748,-1.6353,-8.2684,18.7397,9.5429,3.2778,16.3903,8.0091,3.7658,17.2281,15.5876,-2.548,12.4538,2.8378,4.232,12.881,4.7743,11.8858,11.6219,11.3713,16.1241,2.8627,12.4744,6.8686,16.6703,7.9895,9.9678,12.0177,Inflammatory
S156,6.3631,-1.363,10.5944,2.4916,5.1059,12.9252,18.5201,14.4982,-3.0106,0.6157,14.4741,5.6643,-0.2948,22.5234,23.4349,2.4401,10.3234,24.8541,-0.1716,6.2667,15.9841,9.3185,10.6732,11.3532,8.0724,-0.2728,12.7094,3.3257,13.3478,6.2486,7.9691,7.9811,2.117,7.8712,9.3206,11.6728,3.6005,8.0059,9.9728,11.9904,Metabolic
S026,17.2446,21.6516,26.0313,6.0364,14.7271,-10.9698,0.6727,3.2873,3.5778,6.3689,9.1506,9.515,13.2661,9.8566,20.3532,10.4936,14.5044,3.8688,5.9935,14.3425,1.3439,9.5304,10.3627,8.1872,9.9662,17.5352,4.8366,3.8923,7.24,8.6079,11.914,17.5849,17.3088,10.0558,5.6283,9.218,19.1942,7.9682,9.9952,11.9955,Control
S109,7.2426,-0.5118,-2.6006,21.4825,3.9642,19.5922,9.0032,9.8901,20.4325,21.1967,-1.992,21.7698,11.0386,4.1492,-4.2034,14.2618,8.2931,8.9376,11.6719,6.3648,6.9707,17.175,13.725,-0.0801,11.6454,-0.4473,5.4807,12.9165,6.7883,11.383,10.7413,8.2115,11.7248,4.3264,11.8455,8.699,13.2356,8.0091,10.0045,12.0405,Inflammatory
S143,4.2956,-5.4769,4.9136,4.7298,4.33,17.1612,17.6151,15.5552,-0.783,3.298,13.9888,5.9468,0.0488,20.8826,20.0954,1.5691,11.2968,25.3254,0.4224,5.5549,16.8709,9.0866,10.884,9.9943,6.8506,-3.1225,14.0742,4.6275,12.8983,5.6894,6.9072,4.4686,2.4914,7.039,11.5181,10.7298,1.2388,8.0014,10.0238,11.9825,Metabolic
S068,8.107,1.3583,-3.4031,23.0844,3.4001,19.1481,8.0411,8.0847,20.6059,22.5174,-3.8077,25.5195,11.285,0.6183,-6.5266,17.6624,8.8325,5.7413,14.6362,7.759,5.4136,16.3278,11.9718,-0.6864,12.1135,0.9859,5.7491,11.6281,5.983,11.77,11.4739,8.7447,13.4603,5.8242,12.2663,6.6383,14.4139,8.0198,10.017,12.0104,Inflammatory
S037,16.1211,22.9347,25.2499,6.8407,14.5542,-8.3435,-0.5834,1.1897,6.4648,6.6693,6.1045,9.6775,14.2001,8.3517,17.6472,12.9898,13.0211,1.5235,7.844,13.4269,2.3434,9.0846,10.2043,5.2847,11.3987,17.2743,3.7081,5.1205,6.4308,8.7704,13.2975,18.2632,16.8609,8.7498,5.8254,8.9688,19.8052,8.0283,9.9801,12.0326,Control
S070,9.0254,2.4806,-1.716,21.7944,3.7801,17.1173,9.7741,7.1252,21.5351,22.3025,-3.9552,23.653,10.9667,1.084,-5.9761,17.4684,8.0103,5.3676,14.4843,7.3113,5.4904,16.5857,14.5949,-0.0462,12.7193,1.9775,5.4077,11.5849,5.4763,10.8015,12.0279,8.2336,14.1086,4.5336,11.92,5.8431,15.1486,7.9914,10.0401,11.9703,Inflammatory
S035,16.6469,18.3318,20.5011,6.1552,11.8979,-4.9994,0.8263,3.809,7.4578,7.6349,6.8572,11.9447,13.262,8.4218,16.5352,11.5464,13.5072,4.038,8.3587,12.4877,3.4916,11.0461,11.4303,4.9201,10.9567,14.7266,5.9604,6.5421,6.4338,9.9241,11.1278,15.4658,15.5232,9.6882,5.9398,7.7581,18.4769,8.003,9.9959,11.9744,Control
S063,9.1587,2.13,-5.5428,22.2833,2.5145,20.3208,9.2059,8.6712,23.0996,22.7387,-4.5455,25.1126,10.3888,1.0374,-8.9584,17.6352,8.0412,6.5652,14.3385,7.9373,5.9445,17.3999,13.911,-1.2583,12.8362,-0.3984,4.6905,13.4119,6.4935,10.9807,10.7709,9.4607,13.8158,4.3649,13.4813,7.3747,14.9706,7.981,9.9947,11.9775,Inflammatory
S008,16.0753,20.4659,22.6523,8.5214,13.2971,-7.7262,0.7956,2.4624,7.92,10.1829,5.4225,11.7714,13.4591,7.4466,14.7423,10.4228,13.0612,2.9402,8.6525,11.9489,1.0194,11.0731,10.6765,3.7498,10.8022,15.8814,5.5024,5.6662,6.5685,9.8975,12.3145,15.8426,16.8981,9.1157,5.4353,8.6845,20.0663,7.9858,10.0256,12.0119,Control
S061,6.8851,1.2289,-1.1405,19.5804,3.9641,17.7899,8.5707,8.9385,18.6329,17.1908,-1.6814,22.0216,10.0251,3.6344,-2.2419,15.2589,8.3211,8.5482,12.3965,7.2223,5.9656,15.5395,13.884,1.3774,13.6712,1.8832,6.7441,10.5401,7.8547,9.6298,12.1983,9.8182,11.4526,4.8578,10.9871,7.6839,13.3872,8.0071,10.0152,12.008,Inflammatory
S041,16.0194,20.6444,24.6151,6.3188,15.0397,-7.8788,0.6416,5.9446,6.6227,7.2666,6.1218,10.1817,13.7312,8.8126,17.4239,9.6471,13.7643,3.4864,6.6954,12.2328,3.2385,9.9439,10.9239,5.9032,11.3228,15.6998,6.5585,4.8632,7.2098,9.9266,11.2721,16.7773,16.031,9.3986,5.981,9.1723,18.1304,8.003,9.963,12.0229,Control
S034,18.5666,23.2128,25.503,6.8601,16.5059,-9.7053,-0.8352,1.9738,7.436,8.026,5.4186,11.2591,14.3824,7.2671,15.6362,11.9203,14.1476,1.558,8.8141,14.4796,0.8737,10.6734,11.4851,5.8775,12.1681,17.5126,4.5376,7.3841,7.8644,9.0341,10.6471,17.3386,16.8684,9.0818,4.3138,9.7141,21.7799,8.0145,9.9958,12.0074,Control
S158,4.5658,-4.7424,7.0441,2.7722,3.9104,14.7887,19.4135,16.1709,-1.0759,-1.3559,14.0559,4.7343,-1.4579,22.2267,23.0756,0.3261,10.0405,27.2071,0.8206,6.0842,18.0484,9.7968,10.3545,11.6958,7.3097,-3.7277,15.6721,5.4414,14.5146,5.8474,7.2844,4.1962,2.6421,8.3154,10.6956,11.8683,0.8616,8.0189,9.9968,11.9633,Metabolic
S074,7.3346,-1.3102,-3.0131,19.3831,3.1502,20.3514,12.0777,9.8688,17.6898,18.085,0.0016,21.2492,7.266,4.6889,-1.7625,13.3354,9.2309,11.0457,11.0326,5.712,7.4739,15.0512,14.1485,1.0988,12.4018,-1.9806,7.7819,11.0427,6.3207,9.6699,11.3344,8.2976,11.7188,5.4282,12.6693,8.3869,12.9216,8.0254,10.0123,12.0037,Inflammatory
S058,9.6066,2.9073,-4.8928,22.6559,4.6525,17.496,7.5741,7.2367,23.5361,24.5468,-5.2437,25.3652,12.4504,-0.0034,-9.5156,19.0133,7.2798,4.109,16.8439,7.9738,3.559,18.1023,14.7846,-2.8633,12.9517,0.964,4.2276,13.6731,6.2932,12.3671,12.499,10.1545,15.3294,3.8634,12.1706,5.8272,15.4743,8.0413,9.9954,11.9621,Inflammatory
S002,16.2365,22.1945,26.2303,4.0791,14.2933,-10.0362,0.7169,3.9662,3.907,4.8507,8.1099,7.2687,11.2311,9.9792,19.8975,9.672,14.1046,5.1278,6.2921,12.3664,2.8459,8.8908,9.6355,7.5695,10.3912,16.3748,6.5604,5.4516,8.6965,7.374,10.6956,16.1577,15.0566,8.9937,5.5952,9.3172,18.3127,7.9821,10.0109,12.007,Control
S018,15.2173,20.0428,22.5463,7.7558,15.0536,-7.1385,0.6256,3.4908,7.8311,7.1087,6.9561,9.9652,13.9249,9.0622,17.9159,11.1955,14.0658,4.4148,8.4983,11.117,3.0321,12.0472,11.2212,7.2485,12.3301,15.9493,5.0871,6.3249,7.2804,8.5589,10.4714,16.2214,15.9931,10.6021,5.0995,7.1443,19.4748,8.005,9.9812,11.9884,Control
S140,5.1886,-1.2014,11.5561,-1.7761,5.9839,12.8206,19.2393,15.0356,-8.1825,-3.0292,18.6286,-0.2818,-1.0245,26.3279,29.9339,-2.0057,12.5966,28.5517,-3.9114,6.1226,17.072,7.9272,9.6162,15.1067,5.5925,-1.4255,16.523,1.2195,14.9128,4.9646,6.8521,6.5263,1.1994,8.9018,8.2794,13.5844,0.0203,7.9943,9.977,12.0,Metabolic
S060,11.3152,5.9938,0.6584,20.5556,4.9314,12.4341,6.4834,7.2495,21.3378,21.5486,-3.1944,22.3532,12.4784,1.2515,-4.8777,18.6267,8.6547,3.2696,12.1725,8.9891,4.3937,16.8316,14.1887,-1.4841,13.8807,4.9424,5.5484,11.5837,4.8363,11.8653,13.7435,10.4319,16.6684,3.3966,10.0628,6.1305,16.0211,7.9969,10.0158,12.019,Inflammatory
S014,15.0843,23.1416,28.1092,4.0801,16.2386,-10.1657,1.7737,4.5404,3.6338,4.5343,8.6399,9.6303,12.0723,10.7205,22.3055,9.8435,14.5627,4.5911,3.6742,14.9009,2.4416,9.5351,10.2876,8.4481,11.7391,17.6379,5.4258,3.8777,8.633,8.6475,10.5501,17.1024,16.5576,9.7318,4.654,8.2383,20.9077,8.0016,9.9634,11.9696,Control
S127,4.9178,-3.7582,8.9272,-0.1358,3.2193,16.4502,21.8042,16.8742,-4.9953,-0.1466,17.8941,0.8858,-1.5058,26.164,27.472,-1.4152,11.2906,29.2777,-1.8244,5.2164,18.9579,8.6417,9.9472,15.7228,6.0602,-3.7831,14.6856,2.4703,14.8682,5.158,6.8552,4.7692,0.6731,7.0759,12.2548,14.1633,-1.0161,7.9643,9.9705,11.9717,Metabolic
S145,2.2577,-5.8992,6.8131,0.4417,3.5835,17.48,21.9266,17.5155,-5.894,-2.1356,16.7794,2.0223,-3.9436,28.2304,27.556,-1.8269,11.7116,30.8026,-3.5161,5.4354,20.5552,7.3796,9.5678,13.2008,6.9667,-4.6396,15.1143,1.7439,15.346,5.2782,6.2181,4.7101,-0.5197,7.5869,10.8056,11.912,-0.2773,7.992,9.9812,11.9851,Metabolic
S081,10.8011,4.0142,-2.7203,21.7378,3.6576,16.8951,7.6655,8.0302,22.649,23.2174,-4.9389,25.7555,12.2361,-2.268,-9.1276,18.0645,8.8638,3.2681,14.9869,7.95,3.8804,17.8198,14.5773,-1.9323,12.8845,1.2824,5.6951,13.6725,6.12,10.2612,14.9451,9.0233,14.4816,3.3961,11.6818,7.487,15.8906,7.9963,10.028,12.0072,Inflammatory
S137,5.3347,-2.3876,11.5927,-1.011,6.4165,14.4835,19.8072,16.7179,-6.6313,-2.6247,17.7128,1.2741,-2.7741,27.2694,28.6196,-1.7328,11.5209,29.633,-1.9281,6.021,16.6423,7.1935,9.2081,13.7955,7.3692,-2.491,15.3557,2.2027,14.3793,4.9712,4.6471,5.4382,0.9508,9.2863,10.7076,12.1882,-0.4012,8.032,9.9879,12.0139,Metabolic
S071,12.0599,6.6021,2.7347,20.9161,5.9982,11.6837,6.8679,6.8333,20.2069,21.0018,-2.0455,21.2491,12.7022,-0.373,-3.1208,16.3777,9.4744,4.543,12.9021,8.7049,3.2951,15.8273,13.6058,-0.7309,12.0939,4.0233,4.4769,10.9467,5.7247,12.3258,13.8181,11.4399,15.0063,5.2524,10.9182,7.9432,17.0881,7.9839,9.9988,11.9817,Inflammatory
S106,8.5529,1.645,-1.803,18.8499,1.8783,19.6501,10.498,9.5453,18.9945,20.8222,-2.5628,22.5298,9.2684,2.0499,-4.4877,15.409,8.6111,8.1147,11.9054,6.9277,7.3429,15.7735,14.7853,-0.1179,13.8607,0.3016,6.2816,12.3039,7.8338,9.9486,11.7328,9.4171,12.6856,4.6836,12.6114,7.5143,13.0407,7.9582,10.0384,11.9864,Inflammatory
S125,6.7682,-1.8895,9.9467,2.52,5.2614,13.0693,17.9307,14.6979,-3.2913,-0.1948,14.9968,3.5433,-0.0516,23.1731,23.437,1.3749,12.3908,26.748,-0.6693,6.9938,16.2573,9.4941,10.3339,12.895,7.8597,0.8203,15.0115,2.5912,15.0706,5.3354,6.4343,4.9053,1.8147,8.2765,12.3719,13.0466,3.4132,8.0276,9.9905,11.9836,Metabolic
S038,15.899,18.6744,20.9655,8.3667,13.453,-4.1627,1.6213,3.872,8.6755,10.7175,5.8731,12.4655,13.3559,6.4381,13.708,12.1156,11.1002,2.5907,9.289,13.3443,2.2265,12.4263,10.941,4.7956,11.6163,16.2488,4.1644,6.0232,7.5006,9.0295,10.7277,15.3622,16.7402,8.9822,6.2801,7.0358,18.597,8.0179,9.9766,11.9961,Control
S006,15.5791,19.3955,22.9589,5.725,14.2696,-5.2517,2.6662,5.9258,4.3391,5.669,7.6902,8.0224,11.7453,10.106,18.9903,11.1035,14.2592,5.7215,6.3711,12.7457,4.0539,9.8691,9.9231,6.5662,10.4049,14.9839,5.7783,5.0256,8.4365,7.4377,11.692,15.5926,13.6314,7.5416,6.4036,10.6314,18.111,7.9668,10.0046,11.9519,Control
S120,8.1908,1.1333,12.13,1.2933,6.5002,8.3895,14.4395,11.5739,-1.6305,1.372,13.7052,5.0222,2.2775,21.742,24.2577,1.2818,10.7248,21.0138,1.7307,8.4581,14.0952,9.2423,10.8207,12.8528,8.7816,2.6737,13.2666,3.2009,13.8173,7.1074,8.5588,7.5698,4.8212,9.5058,9.3998,10.9924,4.6607,7.9968,9.9782,12.0135,Metabolic
S159,4.568,-2.3496,7.246,4.6863,4.8452,16.3757,16.4511,13.6892,-0.4533,3.2872,12.4917,6.0141,1.5872,21.3598,21.3767,3.38,10.4152,23.9559,1.842,6.6448,15.8116,9.2902,9.7506,11.7787,7.1411,-0.8125,12.6507,5.1905,13.897,6.3042,7.1048,7.2616,2.5333,7.8059,10.5658,9.2173,2.8703,7.987,10.048,11.9494,Metabolic
S028,16.6935,22.923,27.3197,2.1826,14.2471,-11.0733,2.2748,3.3368,2.4448,4.8237,8.4855,7.0588,12.7239,11.8192,22.2253,8.9707,14.969,4.8046,6.4079,12.0135,4.4513,8.2091,10.3003,7.5086,11.395,16.7636,6.7387,3.9318,7.4252,7.5634,9.6702,17.552,15.7837,10.7843,4.9487,9.4456,18.9374,7.9923,10.0307,11.9574,Control
S121,2.2287,-7.6882,5.3403,3.4267,2.8253,19.4279,21.4297,15.9542,-0.7885,0.3392,14.3352,4.7502,-2.1061,24.5807,22.5653,-0.0285,12.4996,28.255,0.2648,4.5004,17.9334,9.7365,10.832,12.191,6.5748,-4.2176,15.1001,4.911,15.0188,4.7878,6.5073,4.7661,1.4747,8.4059,11.8115,12.0566,1.0732,8.0103,9.9859,11.9947,Metabolic
S047,16.3456,21.8598,24.2824,8.1126,13.41,-9.1139,-0.4221,1.5133,9.5472,7.8643,5.8291,12.0741,14.7871,6.5896,15.1422,11.0443,13.8963,2.2223,8.8822,13.3084,0.2988,10.5928,10.0622,5.4741,12.0027,16.6893,4.6837,5.8504,8.7394,7.727,11.1909,17.1181,16.8378,9.697,5.6283,8.396,22.4394,8.0218,9.968,12.0129,Control
S095,9.2761,5.7633,-0.3183,20.274,4.9723,14.1335,5.9131,6.7709,21.3775,21.4579,-2.351,22.2185,11.453,1.92,-2.8516,17.2724,9.1925,4.7397,14.3603,8.8246,3.5447,16.8453,14.6878,-0.5242,12.0307,2.0755,4.7996,11.6896,5.2778,9.8779,13.0136,11.0731,15.0885,4.0982,10.5869,6.564,15.968,8.0065,9.9671,11.9905,Inflammatory
S096,6.7966,-0.8042,-7.2843,23.8982,2.1227,22.0755,8.731,9.9567,24.9427,24.9771,-5.8867,25.4569,10.3083,-0.3569,-10.5859,19.0728,9.4494,6.1565,13.1545,7.7535,7.0439,17.7578,15.1586,-1.7794,13.0743,-1.5185,4.2603,14.303,5.7795,11.6677,12.1063,8.6353,13.1674,3.8178,12.7686,6.0587,14.3588,7.9791,10.0032,11.9814,Inflammatory
S076,9.4652,1.1673,-4.1823,22.6084,2.8714,18.957,9.2242,7.6837,25.8184,24.6915,-4.3529,24.3685,11.6972,-1.5839,-7.8988,17.2117,8.5715,5.1839,14.549,7.744,4.7967,17.3665,14.7798,-3.6357,12.3831,-0.4437,4.6378,12.4084,5.4407,11.1554,12.2718,10.4498,14.5809,4.4595,12.0151,6.4898,17.4988,8.0183,9.9901,12.0001,Inflammatory
S135,3.0229,-6.0849,5.6882,4.0965,3.0112,18.7279,19.3614,16.0981,-0.6579,4.2025,13.0932,5.5729,-0.2423,23.5562,18.4048,2.1243,10.9977,25.3524,0.7784,5.3663,16.9063,9.3806,9.3043,9.9956,7.187,-4.6194,15.233,4.6891,13.6406,5.0698,7.2827,6.9364,0.6191,7.5562,10.9334,10.1666,1.3854,7.9963,10.0071,12.0144,Metabolic
S080,9.0714,0.1308,-4.7572,21.9038,2.7572,20.3256,8.4814,7.1928,22.4683,21.981,-2.1477,23.3432,10.9048,2.2351,-4.5848,16.7137,7.1022,6.7399,13.0562,8.1595,7.1982,17.1552,14.0441,0.1546,12.3639,-1.3075,5.3261,12.3161,5.8078,11.0732,12.198,10.0655,12.9219,5.0326,12.3897,5.4568,11.7501,7.983,10.0069,11.9834,Inflammatory
S036,14.9438,18.2376,18.9835,9.7592,12.5217,-3.4681,1.964,2.6599,8.6346,11.8361,4.6895,13.2006,13.2197,6.5218,11.8628,13.0333,12.8608,1.8251,8.3536,13.9409,2.891,11.7572,12.5523,5.6276,11.8862,15.5981,3.1923,6.2734,6.2171,10.5505,12.6745,13.9574,16.7318,8.8806,5.5529,7.6352,19.2693,7.9936,10.016,11.9765,Control
S043,14.8409,20.8006,22.7574,7.8118,13.3219,-5.5138,2.7746,4.3534,6.0106,7.2639,7.4672,10.5234,12.4763,9.3096,18.7286,10.4594,13.4076,5.3568,7.9325,13.7284,4.0693,11.8943,12.3044,6.3566,10.4683,14.8604,5.781,5.9288,8.3501,8.0125,10.8298,16.7242,15.796,8.6762,6.1708,8.2167,19.0726,8.0008,9.9898,11.9858,Control
S012,15.3258,19.6733,21.157,7.124,14.1329,-5.5895,0.514,3.7185,5.5954,7.5601,6.0296,11.0732,13.3771,6.1541,15.043,12.2494,13.9761,5.4786,7.9227,12.631,2.9519,11.1648,11.5154,5.0143,11.6036,14.101,5.8657,5.1019,8.0388,9.6592,12.1188,14.4488,16.7452,8.8523,6.0569,9.6899,18.7909,7.986,9.9955,12.0438,Control
S154,3.4123,-3.2804,8.5639,1.6683,4.6902,15.239,19.7563,15.6515,-3.1765,-0.8546,15.1939,4.022,-0.6534,24.6343,24.7536,-0.9444,11.7571,27.9491,-1.0065,5.9647,17.2221,9.5009,11.3342,11.5239,5.5638,-2.9277,15.9946,4.6734,13.574,5.3197,6.4649,4.9195,0.6631,8.7671,10.406,11.5933,1.6238,8.0153,9.998,11.965,Metabolic
S040,16.6993,20.9495,21.88,8.4321,14.1335,-7.0443,-0.547,3.0497,7.8085,10.002,5.3041,10.5963,13.6526,6.2168,15.3935,12.2272,13.6197,1.6434,9.5096,13.8184,3.028,11.001,10.707,4.7441,12.164,15.4348,4.5974,6.69,6.0504,10.6675,11.6775,15.021,17.0734,9.9312,5.663,8.8182,20.1273,8.0144,9.9948,11.9893,Control
